{"train/mae":14.334233124191696,"val/mape":0.13432423311930436,"_step":499,"val/loss":17.23995381135207,"_wandb":{"runtime":24550},"_runtime":24550,"epoch":100,"train/loss":13.851954769443822,"val/rmse":27.65676659804124,"train/lr":0.0009997557473810353,"train/mape":0.1147862588231628,"val/mae":17.72771791311411,"_timestamp":1.776684278116035e+09,"train/rmse":23.987208526198927}