{"_wandb":{"runtime":24541},"epoch":100,"train/lr":0.0009997557473810353,"val/mape":0.13851138662833434,"val/mae":23.670277008643517,"_step":499,"_timestamp":1.7766842789472702e+09,"train/mape":0.11732166200070768,"val/loss":23.179022568922775,"train/loss":19.696306073987806,"_runtime":24541,"train/rmse":33.24955481451911,"train/mae":20.184031038026554,"val/rmse":37.04582727872408}