{"val/loss":20.40647029876709,"val/mae":20.89625307229849,"val/mape":0.1334593900694297,"train/loss":16.93160214810758,"_step":499,"train/rmse":29.479454679746887,"train/mape":0.10861956666450243,"_runtime":24536,"_timestamp":1.7766842736410892e+09,"_wandb":{"runtime":24536},"epoch":100,"val/rmse":33.23712855118971,"train/lr":0.0009997557473810353,"train/mae":17.41697406768799}