{"val/mape":0.1456331673723001,"_runtime":24546,"val/rmse":26.732742382929874,"_timestamp":1.7766842795204885e+09,"train/lr":0.0009997557473810353,"val/loss":17.48757156958947,"_wandb":{"runtime":24546},"train/rmse":22.676093281926335,"epoch":100,"val/mae":17.97795185675988,"train/loss":14.258283393447464,"train/mae":14.746447470381453,"train/mape":0.12180058867544741,"_step":499}