{"_runtime":24543,"_wandb":{"runtime":24543},"_timestamp":1.7766842791991441e+09,"train/lr":0.0009997557473810353,"val/loss":22.497240800123947,"train/mae":19.03707117647738,"train/mape":0.12108437886109223,"val/rmse":35.06366399618295,"val/mape":0.14188971771643713,"train/loss":18.546969398292337,"train/rmse":30.41102306262867,"epoch":100,"val/mae":22.9892641214224,"_step":499}